,Movie Title,Total Gross,Release Date,Production Company,Year
0,Guardians of the Galaxy,"$333,176,600",Aug 1,"Walt Disney Studios Motion Pictures

",2014
1,The Hunger Games: Mockingjay - Part 1,"$337,135,885",Nov 21,"Lionsgate

",2014
2,Captain America: The Winter Soldier,"$259,766,572",Apr 4,"Walt Disney Studios Motion Pictures

",2014
3,The Lego Movie,"$257,760,692",Feb 7,"Warner Bros.

",2014
4,Transformers: Age of Extinction,"$245,439,076",Jun 27,"Paramount Pictures

",2014
5,Maleficent,"$241,410,378",May 30,"Walt Disney Studios Motion Pictures

",2014
6,X-Men: Days of Future Past,"$233,921,534",May 23,"Twentieth Century Fox

",2014
7,Dawn of the Planet of the Apes,"$208,545,589",Jul 11,"Twentieth Century Fox

",2014
8,Big Hero 6,"$222,527,828",Nov 7,"Walt Disney Studios Motion Pictures

",2014
9,The Amazing Spider-Man 2,"$202,853,933",May 2,"Sony Pictures Releasing

",2014
10,Godzilla,"$200,676,069",May 16,"Warner Bros.

",2014
11,22 Jump Street,"$191,719,337",Jun 13,"Sony Pictures Releasing

",2014
12,Teenage Mutant Ninja Turtles,"$191,204,754",Aug 8,"Paramount Pictures

",2014
13,The Hobbit: The Battle of the Five Armies,"$255,119,788",Dec 17,"Warner Bros.

",2014
14,Interstellar,"$188,020,017",Nov 5,"Paramount Pictures

",2014
15,How to Train Your Dragon 2,"$177,002,924",Jun 13,"Twentieth Century Fox

",2014
16,Gone Girl,"$167,767,189",Oct 3,"Twentieth Century Fox

",2014
17,Divergent,"$150,947,895",Mar 21,"Lionsgate

",2014
18,Neighbors,"$150,157,400",May 9,"Universal Pictures

",2014
19,Frozen,"$400,738,009",Nov 22,"Walt Disney Studios Motion Pictures

",2014
20,Ride Along,"$134,938,200",Jan 17,"Universal Pictures

",2014
21,Rio 2,"$131,538,435",Apr 11,"Twentieth Century Fox

",2014
22,Lucy,"$126,663,600",Jul 25,"Universal Pictures

",2014
23,Lone Survivor,"$125,095,601",Dec 25,"Universal Pictures

",2014
24,The Fault in Our Stars,"$124,872,350",Jun 6,"Twentieth Century Fox

",2014
25,Mr. Peabody & Sherman,"$111,506,430",Mar 7,"Twentieth Century Fox

",2014
26,300: Rise of an Empire,"$106,580,051",Mar 7,"Warner Bros.

",2014
27,The Maze Runner,"$102,427,862",Sep 19,"Twentieth Century Fox

",2014
28,Noah,"$101,200,044",Mar 28,"Paramount Pictures

",2014
29,The Equalizer,"$101,530,738",Sep 26,"Sony Pictures Releasing

",2014
30,Edge of Tomorrow,"$100,206,256",Jun 6,"Warner Bros.

",2014
31,Non-Stop,"$92,168,600",Feb 28,"Universal Pictures

",2014
32,Heaven Is for Real,"$91,443,253",Apr 16,"TriStar Pictures

",2014
33,Fury,"$85,817,906",Oct 17,"Sony Pictures Releasing

",2014
34,Dumb and Dumber To,"$86,208,010",Nov 14,"Universal Pictures

",2014
35,Tammy,"$84,525,432",Jul 2,"Warner Bros.

",2014
36,Annabelle,"$84,273,813",Oct 3,"Warner Bros.

",2014
37,The Other Woman,"$83,911,193",Apr 25,"Twentieth Century Fox

",2014
38,American Hustle,"$150,117,807",Dec 13,"Sony Pictures Releasing

",2014
39,Let's Be Cops,"$82,390,774",Aug 13,"Twentieth Century Fox

",2014
40,The Monuments Men,"$78,031,620",Feb 7,"Sony Pictures Releasing

",2014
41,The Wolf of Wall Street,"$116,900,694",Dec 25,"Paramount Pictures

",2014
42,Penguins of Madagascar,"$83,850,911",Nov 26,"Twentieth Century Fox

",2014
43,Hercules,"$72,688,614",Jul 25,"Paramount Pictures

",2014
44,The Purge: Anarchy,"$71,962,800",Jul 18,"Universal Pictures

",2014
45,Night at the Museum: Secret of the Tomb,"$113,746,621",Dec 19,"Twentieth Century Fox

",2014
46,"Alexander and the Terrible, Horrible, No Good, Very Bad Day","$66,954,149",Oct 10,"Walt Disney Studios Motion Pictures

",2014
47,Think Like a Man Too,"$65,182,182",Jun 20,"Screen Gems

",2014
48,The Nut Job,"$64,251,541",Jan 17,"Open Road Films (II)

",2014
49,Into the Woods,"$128,002,372",Dec 25,"Walt Disney Studios Motion Pictures

",2014
50,Unbroken,"$115,637,895",Dec 25,"Universal Pictures

",2014
51,God's Not Dead,"$60,755,732",Mar 21,"Freestyle Releasing

",2014
52,Son of God,"$59,700,064",Feb 28,"Twentieth Century Fox

",2014
53,Planes: Fire & Rescue,"$59,165,787",Jul 18,"Walt Disney Studios Motion Pictures

",2014
54,The Grand Budapest Hotel,"$59,301,324",Mar 7,"Fox Searchlight Pictures

",2014
55,RoboCop,"$58,607,007",Feb 12,"Sony Pictures Releasing

",2014
56,Annie,"$85,911,262",Dec 19,"Sony Pictures Releasing

",2014
57,The Hobbit: The Desolation of Smaug,"$258,366,855",Dec 13,"Warner Bros.

",2014
58,Dracula Untold,"$56,280,355",Oct 10,"Universal Pictures

",2014
59,Exodus: Gods and Kings,"$65,014,513",Dec 12,"Twentieth Century Fox

",2014
60,The Hundred-Foot Journey,"$54,240,821",Aug 8,"Walt Disney Studios Motion Pictures

",2014
61,No Good Deed,"$52,543,632",Sep 12,"Screen Gems

",2014
62,Horrible Bosses 2,"$54,445,357",Nov 26,"Warner Bros.

",2014
63,Muppets Most Wanted,"$51,183,113",Mar 21,"Walt Disney Studios Motion Pictures

",2014
64,Ouija,"$50,856,010",Oct 24,"Universal Pictures

",2014
65,Jack Ryan: Shadow Recruit,"$50,577,412",Jan 17,"Paramount Pictures

",2014
66,The Boxtrolls,"$50,837,305",Sep 26,"Focus Features

",2014
67,If I Stay,"$50,474,843",Aug 22,"Warner Bros.

",2014
68,The Book of Life,"$50,151,543",Oct 17,"Twentieth Century Fox

",2014
69,About Last Night,"$48,637,684",Feb 14,"Screen Gems

",2014
70,Into the Storm,"$47,602,194",Aug 8,"Warner Bros.

",2014
71,Jersey Boys,"$47,047,013",Jun 20,"Warner Bros.

",2014
72,The Judge,"$47,119,388",Oct 10,"Warner Bros.

",2014
73,Blended,"$46,294,610",May 23,"Warner Bros.

",2014
74,The Giver,"$45,090,374",Aug 15,"The Weinstein Company

",2014
75,Need for Speed,"$43,577,636",Mar 14,"Walt Disney Studios Motion Pictures

",2014
76,A Million Ways to Die in the West,"$43,139,300",May 30,"Universal Pictures

",2014
77,St. Vincent,"$44,137,712",Oct 10,"The Weinstein Company

",2014
78,John Wick,"$43,037,835",Oct 24,"Lionsgate

",2014
79,Dolphin Tale 2,"$42,024,533",Sep 12,"Warner Bros.

",2014
80,The Expendables 3,"$39,322,544",Aug 15,"Lionsgate

",2014
81,Saving Mr. Banks,"$83,301,580",Dec 13,"Walt Disney Studios Motion Pictures

",2014
82,Earth to Echo,"$38,934,842",Jul 2,"Relativity Media

",2014
83,Sex Tape,"$38,543,473",Jul 18,"Sony Pictures Releasing

",2014
84,August: Osage County,"$37,738,810",Dec 27,"The Weinstein Company

",2014
85,Million Dollar Arm,"$36,457,627",May 16,"Walt Disney Studios Motion Pictures

",2014
86,Anchorman 2: The Legend Continues,"$125,168,368",Dec 18,"Paramount Pictures

",2014
87,This Is Where I Leave You,"$34,296,320",Sep 19,"Warner Bros.

",2014
88,Paranormal Activity: The Marked Ones,"$32,462,372",Jan 3,"Paramount Pictures

",2014
89,Nightcrawler,"$32,381,217",Oct 31,"Open Road Films (II)

",2014
90,Chef,"$31,424,003",May 9,"Open Road Films (II)

",2014
91,Get on Up,"$30,703,100",Aug 1,"Universal Pictures

",2014
92,3 Days to Kill,"$30,697,999",Feb 21,"Relativity Media

",2014
93,Deliver Us from Evil,"$30,577,122",Jul 2,"Screen Gems

",2014
94,When the Game Stands Tall,"$30,127,963",Aug 22,"TriStar Pictures

",2014
95,The Hunger Games: Catching Fire,"$424,668,047",Nov 22,"Lionsgate

",2014
96,Draft Day,"$28,842,237",Apr 11,"Lionsgate

",2014
97,Oculus,"$27,695,246",Apr 11,"Relativity Media

",2014
98,The Secret Life of Walter Mitty,"$58,236,838",Dec 25,"Twentieth Century Fox

",2014
99,The Best of Me,"$26,766,213",Oct 17,"Relativity Media

",2014
100,A Walk Among the Tombstones,"$26,307,600",Sep 19,"Universal Pictures

",2014
101,That Awkward Moment,"$26,068,955",Jan 31,"Focus Features

",2014
102,The November Man,"$25,018,119",Aug 27,"Relativity Media

",2014
103,Birdman or (The Unexpected Virtue of Ignorance),"$42,340,598",Oct 17,"Fox Searchlight Pictures

",2014
104,Boyhood,"$25,352,281",Jul 11,"IFC Films

",2014
105,Her,"$25,568,251",Dec 18,"Warner Bros.

",2014
106,Endless Love,"$23,438,250",Feb 14,"Universal Pictures

",2014
107,The Theory of Everything,"$35,893,537",Nov 7,"Focus Features

",2014
108,Pompeii,"$23,219,748",Feb 21,"TriStar Pictures

",2014
109,Transcendence,"$23,022,309",Apr 18,"Warner Bros.

",2014
110,"As Above, So Below","$21,321,100",Aug 29,"Universal Pictures

",2014
111,Top Five,"$25,317,471",Dec 12,"Paramount Pictures

",2014
112,Philomena,"$37,709,979",Nov 22,"The Weinstein Company

",2014
113,Brick Mansions,"$20,396,829",Apr 25,"Relativity Media

",2014
114,The Imitation Game,"$91,125,683",Nov 28,"The Weinstein Company

",2014
115,Wild,"$37,880,356",Dec 3,"Fox Searchlight Pictures

",2014
116,Gravity,"$274,092,705",Oct 4,"Warner Bros.

",2014
117,"I, Frankenstein","$19,075,290",Jan 24,"Lionsgate

",2014
118,The Gambler,"$33,680,992",Dec 25,"Paramount Pictures

",2014
119,The Legend of Hercules,"$18,848,538",Jan 10,"Lionsgate

",2014
120,12 Years a Slave,"$56,671,993",Oct 18,"Fox Searchlight Pictures

",2014
121,Bears,"$17,780,194",Apr 18,"Walt Disney Studios Motion Pictures

",2014
122,Addicted,"$17,390,770",Oct 10,"Lionsgate

",2014
123,A Haunted House 2,"$17,329,486",Apr 18,"Open Road Films (II)

",2014
124,A Most Wanted Man,"$17,237,855",Jul 25,"Roadside Attractions

",2014
125,Begin Again,"$16,170,632",Jun 27,"The Weinstein Company

",2014
126,The Single Moms Club,"$15,973,881",Mar 14,"Lionsgate

",2014
127,Devil's Due,"$15,821,461",Jan 17,"Twentieth Century Fox

",2014
128,And So It Goes,"$15,160,801",Jul 25,"Clarius Entertainment

",2014
129,Step Up All In,"$14,904,384",Aug 8,"Lionsgate

",2014
130,Beyond the Lights,"$14,618,727",Nov 14,"Relativity Media

",2014
131,47 Ronin,"$38,362,475",Dec 25,"Universal Pictures

",2014
132,America: Imagine the World Without Her,"$14,444,502",Jun 27,"Lionsgate

",2014
133,Left Behind,"$14,019,924",Oct 3,"Freestyle Releasing

",2014
134,Sin City: A Dame to Kill For,"$13,757,804",Aug 22,-,2014
135,Grudge Match,"$29,807,260",Dec 25,"Warner Bros.

",2014
136,Labor Day,"$13,371,528",Jan 31,"Paramount Pictures

",2014
137,Winter's Tale,"$12,600,231",Feb 14,"Warner Bros.

",2014
138,Walking with Dinosaurs 3D,"$36,076,121",Dec 20,"Twentieth Century Fox

",2014
139,Nebraska,"$17,654,912",Nov 15,"Paramount Pictures

",2014
140,Dallas Buyers Club,"$27,298,285",Nov 1,"Focus Features

",2014
141,Belle,"$10,726,630",May 2,"Fox Searchlight Pictures

",2014
142,The Drop,"$10,724,389",Sep 12,"Fox Searchlight Pictures

",2014
143,Magic in the Moonlight,"$10,539,326",Jul 25,"Sony Pictures Classics

",2014
144,Sabotage,"$10,508,518",Mar 28,"Open Road Films (II)

",2014
145,Moms' Night Out,"$10,429,707",May 9,"TriStar Pictures

",2014
146,PK,"$10,616,104",Dec 19,"UTV Motion Pictures

",2014
147,The Quiet Ones,"$8,509,867",Apr 25,"Lionsgate

",2014
148,Legends of Oz: Dorothy's Return,"$8,462,347",May 9,"Clarius Entertainment

",2014
149,Island of Lemurs: Madagascar,"$11,269,209",Apr 4,"Warner Bros.

",2014
150,Inside Llewyn Davis,"$13,235,319",Dec 6,"CBS Films

",2014
151,Vampire Academy,"$7,791,979",Feb 7,"The Weinstein Company

",2014
152,Bad Words,"$7,779,614",Mar 14,"Focus Features

",2014
153,A Madea Christmas,"$52,543,354",Dec 13,"Lionsgate

",2014
154,Foxcatcher,"$12,096,300",Nov 14,"Sony Pictures Classics

",2014
155,Cantinflas,"$6,382,924",Aug 29,"Lionsgate

",2014
156,Big Eyes,"$14,482,031",Dec 25,"The Weinstein Company

",2014
157,Meet the Mormons,"$6,047,363",Oct 10,"Purdie Distribution

",2014
158,Whiplash,"$13,092,000",Oct 10,"Sony Pictures Classics

",2014
159,Cesar Chavez2014 Re-release,"$5,571,497",Mar 28,"Lionsgate

",2014
160,The Skeleton Twins,"$5,284,309",Sep 12,"Roadside Attractions

",2014
161,The Wind Rises2013 Re-release,"$5,209,580",Feb 21,"Walt Disney Studios Motion Pictures

",2014
162,Journey to the South Pacific,"$7,653,913",Nov 27,"IMAX

",2014
163,Jerusalem,"$8,020,721",Sep 13,"National Geographic Entertainment

",2014
164,Hubble 3D,"$52,507,086",Mar 19,"Warner Bros.

",2014
165,Snowpiercer,"$4,563,650",Jun 27,"RADiUS-TWC

",2014
166,The Railway Man,"$4,438,438",Apr 11,"The Weinstein Company

",2014
167,Dear White People,"$4,404,154",Oct 17,"Roadside Attractions

",2014
168,The Lunchbox2013 Re-release,"$4,235,151",Feb 28,"Sony Pictures Classics

",2014
169,My Old Lady,"$4,013,786",Sep 10,"Cohen Media Group

",2014
170,Fading Gigolo,"$3,769,873",Apr 18,"Millennium Entertainment

",2014
171,Thor: The Dark World,"$206,362,140",Nov 8,"Walt Disney Studios Motion Pictures

",2014
172,Ida,"$3,827,060",May 2,"Music Box Films

",2014
173,Calvary,"$3,600,006",Aug 1,"Fox Searchlight Pictures

",2014
174,Wish I Was Here,"$3,591,299",Jul 18,"Focus Features

",2014
175,Ghostbusters30th Anniversary Release,"$3,580,343",Aug 29,"Sony Pictures Releasing

",2014
176,The Interview,"$6,105,175",Dec 25,"Sony Pictures Releasing

",2014
177,What If,"$3,493,000",Aug 8,"CBS Films

",2014
178,The Grand Seduction,"$3,430,018",May 23,"Entertainment One

",2014
179,Veronica Mars,"$3,322,127",Mar 14,"Warner Bros.

",2014
180,Mommy,"$3,494,070",Sep 19,"Roadside Attractions

",2014
181,The Book Thief,"$21,488,481",Nov 8,"Twentieth Century Fox

",2014
182,Before I Go to Sleep,"$3,242,457",Oct 31,"Clarius Entertainment

",2014
183,Rosewater,"$3,128,941",Nov 14,"Open Road Films (II)

",2014
184,Obvious Child,"$3,123,963",Jun 6,"A24

",2014
185,Mandela: Long Walk to Freedom,"$8,323,085",Nov 29,"The Weinstein Company

",2014
186,Cloudy with a Chance of Meatballs 2,"$119,793,567",Sep 27,"Sony Pictures Releasing

",2014
187,The Trip to Italy,"$2,880,537",Aug 15,"IFC Films

",2014
188,The Identical,"$2,827,666",Sep 5,"Freestyle Releasing

",2014
189,The Fluffy Movie: Unity Through Laughter,"$2,827,393",Jul 25,"Open Road Films (II)

",2014
190,Saving Christmas,"$2,783,970",Nov 14,"The Samuel Goldwyn Company

",2014
191,The Good Lie,"$2,722,209",Oct 3,"Warner Bros.

",2014
192,The Pyramid,"$2,756,333",Dec 5,"Twentieth Century Fox

",2014
193,Space Station 3D,"$93,380,168",Apr 19,"IMAX

",2014
194,The Raid 2,"$2,627,209",Mar 28,"Sony Pictures Classics

",2014
195,Under the Skin,"$2,614,251",Apr 4,"A24

",2014
196,The Admiral,"$2,589,811",Aug 8,"CJ Entertainment

",2014
197,Dragon Ball Z: Battle of Gods,"$2,553,002",Aug 5,"Screenvision

",2014
198,Bang Bang,"$2,546,172",Oct 2,"FIP

",2014
199,Kick,"$2,472,695",Jul 25,"UTV Motion Pictures

",2014
200,Captain Phillips,"$107,100,855",Oct 11,"Sony Pictures Releasing

",2014
201,Kill the Messenger,"$2,450,846",Oct 10,"Focus Features

",2014
202,Love Is Strange2014 Re-release,"$2,262,223",Aug 22,"Sony Pictures Classics

",2014
203,2 States,"$2,238,174",Apr 18,"UTV Motion Pictures

",2014
204,Le Week-End,"$2,225,098",Mar 14,"Music Box Films

",2014
205,The Homesman,"$2,429,989",Nov 14,"Saban Films

",2014
206,Anchorman 2: The Legend ContinuesR-Rated Extended Cut,"$2,184,339",Feb 28,"Paramount Pictures

",2014
207,Citizenfour,"$2,800,870",Oct 24,"RADiUS-TWC

",2014
208,The Oscar Nominated Short Films 2014: Live Action,"$2,171,849",Jan 31,"Shorts International

",2014
209,Words and Pictures,"$2,171,257",May 23,"Roadside Attractions

",2014
210,Gloria,"$2,107,925",Jan 24,"Roadside Attractions

",2014
211,The Great Beauty,"$2,852,400",Nov 15,"Janus Films

",2014
212,The Immigrant,"$2,025,328",May 16,"The Weinstein Company

",2014
213,Only Lovers Left Alive,"$1,879,534",Apr 11,"Sony Pictures Classics

",2014
214,Tusk,"$1,826,705",Sep 19,"A24

",2014
215,Tim's Vermeer,"$1,671,377",Jan 31,"Sony Pictures Classics

",2014
216,Persecuted,"$1,558,836",Jul 18,"Millennium Entertainment

",2014
217,Fed Up,"$1,538,899",May 9,"RADiUS-TWC

",2014
218,Finding Vivian Maier,"$1,514,782",Mar 28,"IFC Films

",2014
219,Pride,"$1,446,634",Sep 26,"CBS Films

",2014
220,Locke,"$1,375,769",Apr 25,"A24

",2014
221,Gimme Shelter,"$1,359,910",Jan 24,"Roadside Attractions

",2014
222,American Sniper,"$350,126,372",Dec 25,"Warner Bros.

",2014
223,Justin Bieber's Believe,"$6,206,566",Dec 25,"Open Road Films (II)

",2014
224,Jai Ho,"$1,264,515",Jan 24,"Eros International

",2014
225,Singham Returns,"$1,232,018",Aug 15,"Eros International

",2014
226,The Past,"$1,331,747",Dec 20,"Sony Pictures Classics

",2014
227,Free Birds,"$55,750,480",Nov 1,"Relativity Media

",2014
228,Selma,"$52,076,908",Dec 25,"Paramount Pictures

",2014
229,Repentance,"$1,189,612",Feb 28,"Lionsgate

",2014
230,The Remaining,"$1,169,603",Sep 5,"Triumph Releasing Corporation

",2014
231,The Invisible Woman,"$1,234,254",Dec 25,"Sony Pictures Classics

",2014
232,Hector and the Search for Happiness,"$1,124,445",Sep 19,"Relativity Media

",2014
233,Last Vegas,"$63,914,167",Nov 1,"CBS Films

",2014
234,Inherent Vice,"$8,110,975",Dec 12,"Warner Bros.

",2014
235,The Rover,"$1,114,423",Jun 13,"A24

",2014
236,Force Majeure,"$1,359,497",Oct 24,"Magnolia Pictures

",2014
237,The Captive,"$1,075,178",Sep 5,"A24

",2014
238,Laggies,"$1,066,981",Oct 24,"A24

",2014
239,50 to 1,"$1,064,454",Mar 21,"Ten Furlongs

",2014
240,Haider,"$1,048,143",Oct 2,"UTV Motion Pictures

",2014
241,Third Person,"$1,021,398",Jun 20,"Sony Pictures Classics

",2014
242,Stalingrad,"$1,013,945",Feb 28,"Sony Pictures Releasing

",2014
243,The Song,"$1,009,620",Sep 26,"The Samuel Goldwyn Company

",2014
244,Enemy,"$1,008,726",Mar 14,"A24

",2014
245,Awake: The Life of Yogananda,"$1,539,680",Oct 10,-,2014
246,Delivery Man,"$30,664,106",Nov 22,"Walt Disney Studios Motion Pictures

",2014
247,Walking with the Enemy,"$1,112,592",Apr 25,"Liberty Studios

",2014
248,Shaadi Ke Side Effects,"$921,277",Feb 28,"Eros International

",2014
249,Darker Than Night,"$870,063",Sep 26,"Lionsgate

",2014
250,Particle Fever,"$869,838",Mar 5,"Abramorama

",2014
251,Atlas Shrugged: Who Is John Galt?,"$846,704",Sep 12,"Atlas Distribution Company

",2014
252,Dhoom 3,"$8,031,955",Dec 20,-,2014
253,Kochadaiiyaan,"$817,192",May 23,"Eros International

",2014
254,Saw10th Anniversary Release,"$815,324",Oct 31,"Lionsgate

",2014
255,Life Itself,"$810,454",Jul 4,"Magnolia Pictures

",2014
256,Nymphomaniac: Vol. I,"$785,896",Mar 21,"Magnolia Pictures

",2014
257,Breakup Buddies,"$777,896",Oct 3,"China Lion Film Distribution

",2014
258,Palo Alto,"$767,732",May 9,"Tribeca Film

",2014
259,Alone Yet Not Alone,"$887,851",Sep 27,-,2014
260,Ek Villain,"$730,530",Jun 27,"Eros International

",2014
261,Land Ho!,"$727,594",Jul 11,"Sony Pictures Classics

",2014
262,Yves Saint Laurent,"$723,593",Jun 25,"The Weinstein Company

",2014
263,Khoobsurat,"$710,508",Sep 19,"UTV Motion Pictures

",2014
264,Holiday,"$706,893",Jun 6,"Reliance Big Pictures

",2014
265,"Men, Women & Children","$705,908",Oct 1,"Paramount Pictures

",2014
266,Frankie & Alice2014 Re-release,"$695,876",Apr 4,"Lionsgate

",2014
267,Under the Sea 3D,"$36,230,170",Feb 13,"Warner Bros.

",2014
268,Bad Grandpa,"$102,003,019",Oct 25,"Paramount Pictures

",2014
269,Mr. Turner,"$3,958,500",Dec 19,"Sony Pictures Classics

",2014
270,The Babadook,"$964,413",Nov 28,"IFC Films

",2014
271,Jodorowsky's Dune,"$647,280",Mar 21,"Sony Pictures Classics

",2014
272,Hasee Toh Phasee,"$646,035",Feb 7,"Reliance Big Pictures

",2014
273,Frank,"$645,186",Aug 15,"Magnolia Pictures

",2014
274,Mary Kom,"$621,300",Sep 5,"Eros International

",2014
275,Finding Fanny,"$615,691",Sep 12,"FIP

",2014
276,The Saratov Approach,"$2,146,999",Oct 9,"Purdie Distribution

",2014
277,The Signal,"$600,896",Jun 13,"Focus Features

",2014
278,The Disappearance of Eleanor Rigby: Them,"$587,774",Sep 12,"The Weinstein Company

",2014
279,The Tale of The Princess Kaguya,"$703,232",Oct 17,"GKIDS

",2014
280,Forrest Gump2014 IMAX Release,"$557,683",Sep 5,"Paramount Pictures

",2014
281,The Attorney,"$557,236",Feb 7,"Well Go USA Entertainment

",2014
282,23 Blast,"$549,185",Oct 24,"Ocean Avenue Entertainment

",2014
283,Cong cong na nian,"$569,280",Dec 12,"China Lion Film Distribution

",2014
284,On Any Sunday: The Next Chapter,"$543,044",Nov 7,"Hannover House

",2014
285,Highway,"$529,136",Feb 21,"UTV Motion Pictures

",2014
286,Dom Hemingway,"$523,511",Apr 2,"Fox Searchlight Pictures

",2014
287,A Hard Day's Night2014 Re-release,"$515,005",Jul 4,"Janus Films

",2014
288,The One I Love,"$513,447",Aug 22,"RADiUS-TWC

",2014
289,Tracks,"$510,007",Sep 19,"The Weinstein Company

",2014
290,The Two Faces of January,"$507,463",Sep 26,"Magnolia Pictures

",2014
291,Born to Be Wild,"$25,926,665",Apr 8,"Warner Bros.

",2014
292,Walking the Camino: Six Ways to Santiago,"$612,717",Sep 6,-,2014
293,To the Arctic 3D,"$14,554,597",Apr 20,"Warner Bros.

",2014
294,Ender's Game,"$61,737,191",Nov 1,"Lionsgate

",2014
295,Lee Daniels' The Butler,"$116,632,095",Aug 16,"The Weinstein Company

",2014
296,In Secret,"$444,179",Feb 21,"Roadside Attractions

",2014
297,Last Days in Vietnam,"$466,114",Sep 5,"American Experience Films

",2014
298,But Always,"$430,760",Sep 5,"China Lion Film Distribution

",2014
299,Beijing Love Story,"$428,318",Feb 14,"China Lion Film Distribution

",2014
300,Cold in July,"$427,418",May 23,"IFC Films

",2014
301,The German Doctor,"$418,392",Apr 25,"The Samuel Goldwyn Company

",2014
302,Pirates,"$415,775",Sep 5,"Well Go USA Entertainment

",2014
303,Blue Jasmine,"$33,405,481",Jul 26,"Sony Pictures Classics

",2014
304,The Bride of Humpty Sharma,"$380,011",Jul 11,"Reliance Big Pictures

",2014
305,Joe,"$373,375",Apr 11,"Roadside Attractions

",2014
306,Women Who Flirt,"$375,495",Nov 26,"China Lion Film Distribution

",2014
307,Glen Campbell: I'll Be Me,"$365,422",Oct 24,"Area 23a

",2014
308,Omar,"$356,000",Feb 21,"Adopt Films

",2014
309,The Face of Love,"$350,006",Mar 7,"IFC Films

",2014
310,Le Chef,"$342,667",Jun 20,"Cohen Media Group

",2014
311,Venus in Fur,"$373,605",Jun 20,"IFC Films

",2014
312,Jimi: All Is by My Side,"$340,911",Sep 26,"XLrator Media

",2014
313,Chinese Puzzle,"$338,523",May 16,"Cohen Media Group

",2014
314,I Origins,"$336,472",Jul 18,"Fox Searchlight Pictures

",2014
315,"Like Father, Like Son","$334,616",Jan 17,"IFC Films

",2014
316,The Guest,"$332,890",Sep 17,-,2014
317,Elaine Stritch: Shoot Me,"$327,452",Feb 21,"IFC Films

",2014
318,Nymphomaniac: Vol. II,"$327,167",Apr 4,"Magnolia Pictures

",2014
319,Stranger by the Lake,"$325,196",Jan 24,"Strand Releasing

",2014
320,On My Way,"$317,324",Mar 14,"Cohen Media Group

",2014
321,Happy Ending,"$313,770",Nov 21,"Eros International

",2014
322,The Hornet's Nest,"$312,706",May 9,"Freestyle Releasing

",2014
323,A Five Star Life2014 Re-release,"$306,917",Jul 18,"Music Box Films

",2014
324,Mood Indigo,"$303,187",Jul 18,"Drafthouse Films

",2014
325,Innocence,"$294,039",Sep 5,"JSC Entertainment

",2014
326,The Dance of Reality,"$293,680",May 23,"ABKCO Films

",2014
327,All Is Lost,"$6,263,670",Oct 18,"Roadside Attractions

",2014
328,The Last of Robin Hood,"$288,545",Aug 29,"The Samuel Goldwyn Company

",2014
329,Elsa & Fred,"$285,863",Nov 7,"Millennium Entertainment

",2014
330,Kundo: Age of the Rampant,"$280,958",Aug 29,"Well Go USA Entertainment

",2014
331,"20,000 Days on Earth","$279,558",Sep 17,"Drafthouse Films

",2014
332,The Unknown Known,"$276,497",Apr 4,"RADiUS-TWC

",2014
333,I'm Your Hero,"$274,579",Apr 4,"Eros International

",2014
334,Despicable Me 2,"$368,065,385",Jul 3,"Universal Pictures

",2014
335,Night Moves,"$271,755",May 30,"Cinedigm Entertainment Group

",2014
336,The Love Punch,"$266,588",May 23,"Ketchup Entertainment

",2014
337,Life of Crime,"$265,452",Aug 29,"Roadside Attractions

",2014
338,Ernest & Celestine,"$262,075",Feb 28,"GKIDS

",2014
339,Blue Ruin,"$258,384",Apr 25,"RADiUS-TWC

",2014
340,The Green Prince,"$258,237",Sep 12,"Music Box Films

",2014
341,The Zero Theorem,"$257,706",Sep 19,"Amplify

",2014
342,Action Jackson,"$256,872",Dec 5,"Eros International

",2014
343,Alive Inside,"$256,682",Jul 18,"Bond/360

",2014
344,The Blue Room,"$254,666",Oct 3,"IFC Films

",2014
345,Tazza: The Hidden Card,"$251,555",Sep 19,"CJ Entertainment

",2014
346,A Matter of Faith,"$680,113",Oct 17,"Five & Two Pictures

",2014
347,The Galapagos Affair: Satan Came to Eden,"$247,159",Apr 4,"Zeitgeist Films

",2014
348,Deepsea Challenge 3D,"$235,659",Aug 8,-,2014
349,Art and Craft,"$235,037",Sep 19,"Oscilloscope

",2014
350,Dr. Cabbie,"$225,490",Nov 26,"Eros International

",2014
351,Diplomacy,"$230,880",Oct 15,"Zeitgeist Films

",2014
352,The Suspect,"$218,693",Jan 10,"Well Go USA Entertainment

",2014
353,Supermensch: The Legend of Shep Gordon,"$213,064",Jun 6,"RADiUS-TWC

",2014
354,The Best Man Holiday,"$70,525,195",Nov 15,"Universal Pictures

",2014
355,Antarctica: A Year on Ice,"$288,757",Nov 28,"Music Box Films

",2014
356,The Breakup Guru,"$208,959",Jun 27,"China Lion Film Distribution

",2014
357,Rob the Mob,"$208,693",Mar 21,"Millennium Entertainment

",2014
358,Under the Electric Sky,"$207,584",May 29,"Focus Features

",2014
359,I Am Eleven2014 Re-release,"$310,116",Sep 12,"Proud Mother Pictures

",2014
360,Jinn,"$202,348",Apr 4,"Freestyle Releasing

",2014
361,Bethlehem,"$201,700",Mar 7,"Adopt Films

",2014
362,The Double,"$200,406",May 9,"Magnolia Pictures

",2014
363,A Summer's Tale,"$198,126",Jun 20,"Big World Pictures

",2014
364,Code Black,"$190,229",Jun 20,"Long Shot Factory

",2014
365,Wei ai zhi jian ru jia jing,"$271,734",Dec 24,"China Lion Film Distribution

",2014
366,Goodbye to Language,"$401,889",Oct 24,"Kino Lorber

",2014
367,Out of the Furnace,"$11,330,849",Dec 4,"Relativity Media

",2014
368,Listen Up Philip,"$200,126",Oct 17,"Tribeca Film

",2014
369,National Gallery,"$253,941",Nov 5,"Zipporah Films

",2014
370,We Are the Best!,"$180,590",May 30,"Magnolia Pictures

",2014
371,Anita,"$176,979",Mar 21,"The Samuel Goldwyn Company

",2014
372,Blue Is the Warmest Color,"$2,199,787",Oct 25,"IFC Films

",2014
373,Evangelion: 3.0 You Can (Not) Redo,"$174,945",Jan 10,"Eleven Arts

",2014
374,Horns,"$173,948",Oct 31,"RADiUS-TWC

",2014
375,Afternoon of a Faun: Tanaquil Le Clercq,"$172,450",Feb 5,"Kino Lorber

",2014
376,That Demon Within,"$172,343",Apr 18,"China Lion Film Distribution

",2014
377,God's Pocket,"$169,976",May 9,"IFC Films

",2014
378,Nas: Time Is Illmatic,"$164,540",Oct 1,"Tribeca Film

",2014
379,Keep on Keepin' On,"$163,745",Sep 19,"RADiUS-TWC

",2014
380,Sinbad: The Fifth Voyage,"$159,862",Feb 7,-,2014
381,Escape Plan,"$25,135,965",Oct 18,"Lionsgate

",2014
382,A Girl Walks Home Alone at Night,"$491,910",Nov 21,"Kino Lorber

",2014
383,Citizen Koch,"$153,908",Jun 6,"Variance Films

",2014
384,Alan Partridge,"$153,426",Apr 4,"Magnolia Pictures

",2014
385,Dancing in Jaffa,"$151,098",Apr 11,"IFC Films

",2014
386,A Coffee in Berlin,"$150,275",Jun 13,"Music Box Films

",2014
387,Godzilla2014 Re-release,"$150,191",Apr 18,"Rialto Pictures

",2014
388,Kids for Cash,"$143,178",Feb 7,"Paladin

",2014
389,Gore Vidal: The United States of Amnesia,"$140,164",May 23,"IFC Films

",2014
390,Mistaken for Strangers,"$138,991",Mar 28,"Abramorama

",2014
391,The Congress2013 Re-release,"$137,815",Aug 29,"Drafthouse Films

",2014
392,The Divine Move,"$136,707",Jul 25,"CJ Entertainment

",2014
393,When Comedy Went to School,"$369,065",Jul 31,"International Film Circuit

",2014
394,Redwood Highway,"$134,049",Apr 11,"Monterey Media

",2014
395,The Jewish Cardinal,"$133,232",Jan 10,"Film Movement

",2014
396,Raja Natwarlal,"$131,105",Aug 29,"UTV Motion Pictures

",2014
397,20 Feet from Stardom,"$4,946,445",Jun 14,"RADiUS-TWC

",2014
398,Björk: Biophilia Live,"$127,754",Sep 26,"Cinema Purgatorio

",2014
399,Make Your Move,"$125,106",Apr 18,"High Top Releasing

",2014
400,Knights of Badassdom,"$123,854",Jan 21,"Entertainment One

",2014
401,Afflicted,"$121,179",Apr 4,"CBS Films

",2014
402,Finding Fela!,"$120,980",Aug 1,"Kino Lorber

",2014
403,God the Father,"$113,276",Oct 17,"Rocky Mountain Pictures

",2014
404,The Liberator,"$113,067",Oct 3,"Cohen Media Group

",2014
405,Rich Hill,"$111,376",Aug 1,"The Orchard

",2014
406,Galapagos,"$18,630,372",Oct 29,"IMAX

",2014
407,Penton: The John Penton Story,"$112,159",Jun 23,"GathrFilms

",2014
408,Anohana: The Flower We Saw That Day - The Movie,"$109,630",Jan 18,"Eleven Arts

",2014
409,Ivory Tower,"$106,771",Jun 13,"The Samuel Goldwyn Company

",2014
410,Girl Rising,"$1,727,259",Mar 7,"GathrFilms

",2014
411,God Help the Girl,"$102,757",Sep 5,"Amplify

",2014
412,The Golden Era2014 Re-release,"$102,931",Oct 17,"China Lion Film Distribution

",2014
413,Coherence,"$102,617",Jun 20,"Oscilloscope

",2014
414,Korengal,"$101,310",May 30,"Saboteur Media

",2014
415,One Chance,"$101,196",Oct 10,"The Weinstein Company

",2014
416,Beyond Sight: The Derek Rabelo Story,"$101,074",Mar 7,-,2014
417,The Best Offer,"$100,035",Jan 3,"IFC Films

",2014
418,The Overnighters,"$110,763",Oct 10,"Drafthouse Films

",2014
419,Child's Pose,"$97,170",Feb 19,"Zeitgeist Films

",2014
420,A Most Violent Year,"$5,749,134",Dec 31,"A24

",2014
421,The Anonymous People,"$284,147",Aug 16,-,2014
422,The Way He Looks,"$101,451",Nov 7,"Strand Releasing

",2014
423,Personal Tailor,"$375,892",Dec 20,"China Lion Film Distribution

",2014
424,Cuban Fury2014 Re-release,"$92,384",Apr 11,"Entertainment One

",2014
425,Generation War,"$91,595",Jan 15,"Music Box Films

",2014
426,Girl on a Bicycle,"$91,401",Feb 14,"Monterey Media

",2014
427,Pump,"$89,787",Sep 19,"Submarine Deluxe

",2014
428,Breathe In,"$89,661",Mar 28,"Cohen Media Group

",2014
429,Life After Beth,"$88,273",Aug 15,"A24

",2014
430,Hiroshima Mon Amour2014 Re-release,"$96,439",Oct 17,"Rialto Pictures

",2014
431,Enough Said,"$17,550,872",Sep 18,"Fox Searchlight Pictures

",2014
432,Ode to My Father,"$2,300,121",Dec 25,"CJ Entertainment

",2014
433,Visitors,"$84,577",Jan 24,"Cinedigm Entertainment Group

",2014
434,Watermark,"$84,464",Apr 4,"Entertainment One

",2014
435,12 O'Clock Boys,"$82,614",Jan 31,"Oscilloscope

",2014
436,Water & Power,"$82,312",May 2,-,2014
437,Advanced Style,"$87,879",Sep 26,"Bond/360

",2014
438,Fort McCoy,"$78,948",Aug 15,"Monterey Media

",2014
439,Percy Jackson: Sea of Monsters,"$68,559,554",Aug 7,"Twentieth Century Fox

",2014
440,Whitey: United States of America v. James J. Bulger,"$75,881",Jun 27,"Magnolia Pictures

",2014
441,Just a Sigh,"$75,531",Mar 21,"Distrib Films

",2014
442,Better Living Through Chemistry,"$75,143",Mar 14,"The Samuel Goldwyn Company

",2014
443,The Broken Circle Breakdown,"$175,058",Nov 1,"Tribeca Film

",2014
444,Flamenco Flamenco2014 Re-release,"$71,732",Jul 18,"Dada Films

",2014
445,Veil of Tears,"$72,078",Mar 28,-,2014
446,A Letter to Momo,"$71,712",Jul 23,"GKIDS

",2014
447,"Je t'aime, je t'aime2014 Re-release","$71,717",Feb 14,"The Film Desk

",2014
448,Kill Your Darlings,"$1,030,064",Oct 16,"Sony Pictures Classics

",2014
449,The Square,"$124,244",Oct 25,"Noujaim Films

",2014
450,The Better Angels,"$70,918",Nov 7,"Amplify

",2014
451,Final: The Rapture,"$124,561",Sep 13,-,2014
452,Zero Motivation,"$116,044",Dec 3,"Zeitgeist Films

",2014
453,Take Me to the River,"$68,598",Sep 12,"Abramorama

",2014
454,For No Good Reason,"$67,421",Apr 25,"Sony Pictures Classics

",2014
455,The Notebook2013 Re-release,"$66,559",Aug 29,"Sony Pictures Classics

",2014
456,Through a Lens Darkly: Black Photographers and the Emergence of a People,"$65,169",Aug 27,"First Run

",2014
457,The Art of the Steal,"$64,065",Mar 14,"RADiUS-TWC

",2014
458,Jealousy,"$63,946",Aug 15,"Distrib Films

",2014
459,Heropanti,"$63,649",May 23,"UTV Motion Pictures

",2014
460,No Tears for the Dead,"$63,063",Jun 13,"CJ Entertainment

",2014
461,The Last Sentence,"$62,506",Jun 20,"Music Box Films

",2014
462,Maidentrip,"$68,243",Dec 20,"First Run

",2014
463,Young & Beautiful,"$61,067",Apr 25,"IFC Films

",2014
464,Siddharth,"$60,537",Jun 27,"Zeitgeist Films

",2014
465,Bicycling with Molière,"$59,874",Apr 23,"Strand Releasing

",2014
466,Frontera,"$59,696",Sep 5,"Magnolia Pictures

",2014
467,Wetlands2014 Re-release,"$59,478",Sep 5,"Strand Releasing

",2014
468,Cheap Thrills,"$59,424",Mar 21,"Drafthouse Films

",2014
469,Walk of Shame,"$59,209",May 2,"Focus World

",2014
470,The One I Wrote for You,"$58,872",Dec 5,"Abramorama

",2014
471,The Conformist2014 Re-release,"$58,657",Aug 29,"Kino Lorber

",2014
472,Rudderless,"$58,293",Oct 17,"The Samuel Goldwyn Company

",2014
473,Deep Sea,"$46,405,110",Mar 3,"Warner Bros.

",2014
474,Borgman,"$57,474",Jun 6,"Drafthouse Films

",2014
475,The Rocket,"$56,823",Jan 10,"Kino Lorber

",2014
476,Ilo Ilo,"$56,773",Apr 4,"Film Movement

",2014
477,The Bag Man,"$56,574",Feb 28,"Cinedigm Entertainment Group

",2014
478,Big Men,"$56,286",Mar 14,"Abramorama

",2014
479,In Bloom,"$56,092",Jan 10,"Big World Pictures

",2014
480,Hellion,"$55,708",Jun 13,"IFC Films

",2014
481,Starred Up,"$54,915",Aug 27,"Tribeca Film

",2014
482,Low Down,"$54,051",Oct 24,"Oscilloscope

",2014
483,Hateship Loveship,"$54,030",Apr 11,"IFC Films

",2014
484,"1,000 Times Good Night","$53,895",Oct 24,"Film Movement

",2014
485,At Middleton,"$53,837",Jan 31,"Anchor Bay Films

",2014
486,Half of a Yellow Sun,"$54,529",May 16,"Monterey Media

",2014
487,Ping Pong Summer,"$52,909",Jun 6,"Gravitas Ventures

",2014
488,To Be Takei,"$52,823",Aug 22,"Starz Digital Media

",2014
489,Song of the Sea,"$857,522",Dec 19,"GKIDS

",2014
490,The Missing Picture,"$52,164",Mar 19,"Strand Releasing

",2014
491,The Retrieval,"$50,257",Mar 14,"Variance Films

",2014
492,A Touch of Sin,"$154,120",Oct 4,"Kino Lorber

",2014
493,The Discoverers,"$50,020",May 16,"Quadratic Media

",2014
494,NOW: In the Wings on a World Stage,"$49,591",May 2,"Spacey

",2014
495,Lucky Them,"$48,995",May 30,"IFC Films

",2014
496,The Internet's Own Boy: The Story of Aaron Swartz,"$48,911",Jun 27,-,2014
497,A Birder's Guide to Everything,"$48,713",Mar 21,"Screen Media Films

",2014
498,American Mustang,"$48,700",Jan 17,"Vitagraph Films

",2014
499,Decoding Annie Parker,"$48,390",May 2,"Entertainment One

",2014
500,The Armstrong Lie,"$383,294",Nov 8,"Sony Pictures Classics

",2014
501,Alphaville,"$47,696",Feb 7,"Rialto Pictures

",2014
502,A Master Builder,"$46,874",Jul 23,"Abramorama

",2014
503,Filmistaan,"$45,406",Jun 6,"UTV Motion Pictures

",2014
504,Return to the Hiding Place,"$45,405",May 23,-,2014
505,Ai Weiwei: The Fake Case,"$45,255",May 16,"International Film Circuit

",2014
506,There's No Place Like Utopia,"$45,254",Jul 18,"Rocky Mountain Pictures

",2014
507,The Dog,"$44,581",Aug 8,"Drafthouse Films

",2014
508,If You Build It,"$43,393",Jan 10,"Long Shot Factory

",2014
509,Road to Ninja: Naruto the Movie2014 Re-release,"$43,171",Aug 29,"Eleven Arts

",2014
510,Next Goal Wins,"$43,089",Apr 25,"Ketchup Entertainment

",2014
511,Interior. Leather Bar.,"$42,534",Jan 3,"Strand Releasing

",2014
512,Blood Ties,"$42,472",Mar 21,"Roadside Attractions

",2014
513,Long Live Freedom2014 Re-release,"$48,541",Nov 7,"Distrib Films

",2014
514,Leviathan,"$1,092,800",Dec 25,"Sony Pictures Classics

",2014
515,The Last of the Unjust,"$40,563",Feb 7,"Cohen Media Group

",2014
516,She's Beautiful When She's Angry,"$421,573",Dec 5,"International Film Circuit

",2014
517,Teenage,"$40,169",Mar 14,"Oscilloscope

",2014
518,Child of God,"$39,324",Aug 1,"Well Go USA Entertainment

",2014
519,The Expedition to the End of the World,"$39,115",Aug 20,"Argot Pictures

",2014
520,7 Boxes,"$38,106",Feb 7,"Breaking Glass Pictures

",2014
521,Dead Snow 2: Red vs. Dead,"$37,473",Oct 10,"Well Go USA Entertainment

",2014
522,Not Cool,"$36,026",Sep 19,"Starz Digital Media

",2014
523,Homefront,"$20,158,898",Nov 27,"Open Road Films (II)

",2014
524,Bettie Page Reveals All,"$108,118",Nov 22,"Music Box Films

",2014
525,That Man from Rio,"$35,144",Aug 22,"Cohen Media Group

",2014
526,Beneath the Harvest Sky,"$34,768",Apr 25,"Tribeca Film

",2014
527,This Ain't No Mouse Music,"$34,754",Sep 19,"Argot Pictures

",2014
528,Tiger & Bunny: The Rising,"$34,471",Mar 14,"Eleven Arts

",2014
529,Filth,"$34,411",May 30,"Magnolia Pictures

",2014
530,Rocks in My Pockets,"$34,236",Sep 3,"Zeitgeist Films

",2014
531,Sweet Dreams,"$59,403",Nov 1,"International Film Circuit

",2014
532,White Bird in a Blizzard,"$33,821",Oct 24,"Magnolia Pictures

",2014
533,It Felt Like Love,"$33,817",Mar 21,"Variance Films

",2014
534,Rakuen Tsuiho: Expelled from Paradise,"$34,510",Dec 13,"Eleven Arts

",2014
535,K: Missing Kings,"$33,531",Jul 18,"Eleven Arts

",2014
536,Big Bad Wolves,"$33,232",Jan 17,"Magnolia Pictures

",2014
537,A Field in England,"$32,846",Feb 7,"Drafthouse Films

",2014
538,Le Jour Se Leve,"$35,321",Nov 14,"Rialto Pictures

",2014
539,For a Woman,"$32,286",May 2,"Film Movement

",2014
540,The Hero of Color City,"$32,188",Oct 3,"Magnolia Pictures

",2014
541,Bird People,"$32,111",Sep 12,"IFC Films

",2014
542,Six Dance Lessons in Six Weeks,"$106,323",Dec 12,"Dada Films

",2014
543,Abuse of Weakness,"$31,611",Aug 15,"Strand Releasing

",2014
544,Sagrada: The Mystery of Creation2014 Re-release,"$58,755",Sep 12,"First Run

",2014
545,Documented,"$30,662",May 2,-,2014
546,Happy Christmas,"$30,312",Jul 25,"Magnolia Pictures

",2014
547,Jimmy P.,"$30,283",Feb 14,"IFC Films

",2014
548,Southern Baptist Sissies,"$30,160",Feb 21,"The Film Collaborative

",2014
549,A Long Way Off,"$30,104",May 16,"Moving Visions Entertainment

",2014
550,Manakamana,"$30,029",Apr 18,"The Cinema Guild

",2014
551,Yellow Day,"$29,656",Sep 19,"Providence Film Partners

",2014
552,Cutie and the Boxer,"$200,036",Aug 16,"RADiUS-TWC

",2014
553,Othello,"$28,980",Apr 25,"Carlotta Films

",2014
554,Stations of the Elevated,"$28,516",Oct 17,-,2014
555,Muscle Shoals,"$696,241",Sep 27,"Magnolia Pictures

",2014
556,Closed Curtain,"$28,098",Jul 9,"Variance Films

",2014
557,T-Rex: Back to the Cretaceous,"$53,354,743",Oct 23,"IMAX

",2014
558,The Act of Killing,"$486,919",Jul 19,"Drafthouse Films

",2014
559,Lilting,"$27,054",Sep 26,"Strand Releasing

",2014
560,Last Weekend,"$27,053",Aug 29,"IFC Films

",2014
561,Monk with a Camera,"$45,938",Nov 21,"Kino Lorber

",2014
562,Elena,"$25,788",May 30,"Variance Films

",2014
563,Christian Mingle,"$25,480",Oct 10,"Rocky Mountain Pictures

",2014
564,Short Peace,"$22,862",Mar 3,"Eleven Arts

",2014
565,Adult World,"$25,368",Feb 14,"IFC Films

",2014
566,The King and the Mockingbird2014 Re-release,"$27,513",Nov 21,"Rialto Pictures

",2014
567,Born to Fly: Elizabeth Streb vs. Gravity,"$24,630",Sep 10,"The Film Collaborative

",2014
568,Emoticon ;),"$23,881",May 30,"Indican Pictures

",2014
569,Happy Valley,"$23,868",Nov 21,"Music Box Films

",2014
570,Level Five,"$27,000",Aug 15,"Icarus Films

",2014
571,Believe Me,"$23,419",Sep 26,"Riot Studios

",2014
572,Video Games: The Movie,"$23,043",Jul 18,"Variance Films

",2014
573,Wadjda,"$1,347,747",Sep 13,"Sony Pictures Classics

",2014
574,Two Lives,"$22,620",Feb 28,"IFC Films

",2014
575,Grand Piano,"$22,555",Mar 7,"Magnolia Pictures

",2014
576,May in the Summer,"$22,004",Aug 22,"Cohen Media Group

",2014
577,Bright Days Ahead2013 Re-release,"$21,770",Apr 25,"Tribeca Film

",2014
578,Memphis,"$21,286",Sep 5,"Kino Lorber

",2014
579,The Counselor,"$16,973,715",Oct 25,"Twentieth Century Fox

",2014
580,Lekar Hum Deewana Dil,"$20,874",Jul 4,"Eros International

",2014
581,The Great Flood,"$20,694",Jan 8,"Icarus Films

",2014
582,I Am Divine,"$81,497",Oct 11,"The Film Collaborative

",2014
583,Der Anständige,"$21,327",Oct 1,"Kino Lorber

",2014
584,Run & Jump,"$20,061",Jan 24,"IFC Films

",2014
585,The Past is a Grotesque Animal,"$20,056",Jun 16,"Oscilloscope

",2014
586,Guardian Angel,"$19,480",Oct 17,-,2014
587,A Picture of You,"$19,480",Jun 20,-,2014
588,Uzumasa Limelight,"$19,597",Dec 5,"Eleven Arts

",2014
589,Peter Brook: The Tightrope,"$19,365",Jan 31,"First Run

",2014
590,Watchers of the Sky,"$19,339",Oct 17,"Music Box Films

",2014
591,The Kill Team,"$18,983",Jul 25,"Oscilloscope

",2014
592,Why Don't You Play in Hell?,"$28,534",Nov 7,"Drafthouse Films

",2014
593,Test,"$18,823",Jun 6,"Variance Films

",2014
594,Tasting Menu,"$18,686",Apr 18,"Magnolia Pictures

",2014
595,Two Night Stand,"$18,612",Sep 26,"Entertainment One

",2014
596,Faust,"$58,132",Nov 15,"Leisure Time Features

",2014
597,The Passionate Thief,"$31,539",Dec 5,"Rialto Pictures

",2014
598,"Two Days, One Night","$1,436,243",Dec 24,"IFC Films

",2014
599,Who Is Dayani Cristal?,"$18,190",Apr 25,"Kino Lorber

",2014
600,Journey to the West,"$18,058",Mar 7,"Magnolia Pictures

",2014
601,Tosca's Kiss,"$18,236",Jun 6,"Icarus Films

",2014
602,Kelly & Cal,"$17,702",Sep 5,"IFC Films

",2014
603,The Homestretch,"$17,306",Sep 12,"Kartemquin Films

",2014
604,Stand Clear of the Closing Doors,"$17,282",May 23,"Oscilloscope

",2014
605,The Principle,"$89,543",Oct 24,"Rocky Mountain Pictures

",2014
606,Accident2014 Re-release,"$17,161",May 23,"Rialto Pictures

",2014
607,Cold Comes the Night,"$16,971",Jan 10,"The Samuel Goldwyn Company

",2014
608,Hank and Asha,"$16,878",Apr 11,"FilmRise

",2014
609,Burning Bush,"$16,731",Jun 11,"Kino Lorber

",2014
610,The Sacrifice2014 Re-release,"$20,945",Nov 12,"Kino Lorber

",2014
611,Magician: The Astonishing Life and Work of Orson Welles,"$16,400",Dec 10,"Cohen Media Group

",2014
612,Levitated Mass,"$16,086",Sep 5,"First Run

",2014
613,Going Attractions: The Definitive Story of the American Drive-in Movie,"$52,458",Jun 7,-,2014
614,Barefoot,"$15,071",Feb 21,"Roadside Attractions

",2014
615,Horses of God2014 Re-release,"$14,817",May 14,"Kino Lorber

",2014
616,Last Passenger,"$14,806",Apr 25,"Cohen Media Group

",2014
617,Exhibition,"$14,344",Jun 20,"Kino Lorber

",2014
618,Black Nativity,"$7,018,189",Nov 27,"Fox Searchlight Pictures

",2014
619,13 Sins,"$13,809",Apr 18,"RADiUS-TWC

",2014
620,The Pretty One,"$13,769",Feb 7,"Dada Films

",2014
621,Sol LeWitt,"$13,146",May 7,"Icarus Films

",2014
622,Inequality for All,"$1,205,273",Sep 27,"RADiUS-TWC

",2014
623,Fifi Howls from Happiness,"$13,614",Aug 8,"Music Box Films

",2014
624,War of the Worlds: Goliath,"$13,385",Mar 7,"Barking Cow Media Group

",2014
625,A Long Way Down,"$13,347",Jul 11,"Magnolia Pictures

",2014
626,The Punk Singer,"$122,742",Nov 29,"IFC Films

",2014
627,Camp X-Ray,"$13,302",Oct 17,"IFC Films

",2014
628,Days and Nights,"$13,243",Sep 26,"IFC Films

",2014
629,The Pleasures of Being Out of Step,"$13,137",May 16,"First Run

",2014
630,On Tour with Pina Bausch,"$18,016",Apr 4,"Icarus Films

",2014
631,Alien Abduction,"$12,897",Apr 4,"IFC Films

",2014
632,NightLights,"$21,147",Aug 29,"Indican Pictures

",2014
633,Coming Up Roses2014 Re-release,"$20,567",Feb 14,"Indican Pictures

",2014
634,Special ID,"$12,666",Mar 7,"Well Go USA Entertainment

",2014
635,Bhopal: A Prayer for Rain,"$12,628",Nov 7,"Revolver Entertainment

",2014
636,Boy Meets Girl,"$12,589",Aug 8,"Carlotta Films

",2014
637,K2: Siren of the Himalayas,"$12,959",Aug 22,"First Run

",2014
638,Fire in the Blood,"$28,994",Sep 6,"International Film Circuit

",2014
639,Touch the Wall,"$12,156",Nov 28,-,2014
640,Cousin Jules,"$29,337",Nov 29,"The Cinema Guild

",2014
641,Wolves,"$12,139",Nov 14,"Ketchup Entertainment

",2014
642,In No Great Hurry: 13 Lessons in Life with Saul Leiter,"$12,133",Jan 3,-,2014
643,A Tale of Winter,"$23,268",Dec 19,"Big World Pictures

",2014
644,The French Minister,"$12,027",Mar 21,"IFC Films

",2014
645,Queen Margot2014 Re-release,"$12,005",May 9,"Cohen Media Group

",2014
646,Is the Man Who Is Tall Happy?,"$137,042",Nov 22,"IFC Films

",2014
647,Falcon Rising,"$11,774",Sep 5,"Freestyle Releasing

",2014
648,Living Is Easy with Eyes Closed,"$11,600",Jun 27,"Outsider Pictures

",2014
649,You're Not You,"$11,486",Oct 10,"Entertainment One

",2014
650,The Great Invisible,"$11,428",Oct 29,"RADiUS-TWC

",2014
651,The Final Member,"$11,428",Apr 18,"Drafthouse Films

",2014
652,The Amazing Catfish,"$11,342",Jun 13,"Strand Releasing

",2014
653,History of Jazz: Oxygen for the Ears,"$23,048",Oct 24,"Indican Pictures

",2014
654,Dishkiyaoon,"$11,288",Mar 28,"Eros International

",2014
655,Policeman,"$11,263",Jun 13,"Corinth Films

",2014
656,PAY 2 PLAY: Democracy's High Stakes,"$11,021",Sep 5,-,2014
657,The Players,"$10,854",Apr 4,"The Weinstein Company

",2014
658,As It Is in Heaven,"$10,850",Jul 18,-,2014
659,"Norte, the End of History","$10,457",Jun 20,"The Cinema Guild

",2014
660,Money for Nothing: Inside the Federal Reserve,"$88,045",Sep 6,-,2014
661,American Promise,"$146,702",Oct 18,-,2014
662,The Endless Summer,"$10,233",Jul 23,"Monterey Media

",2014
663,Before I Disappear,"$10,078",Nov 28,"IFC Films

",2014
664,Kabbalah Me,"$9,816",Aug 22,"First Run

",2014
665,Marius,"$9,781",Jul 4,"Kino Lorber

",2014
666,Stray Dogs,"$10,433",Sep 12,"The Cinema Guild

",2014
667,Contempt2013 Re-release,"$43,763",Sep 6,"Rialto Pictures

",2014
668,On the Other Side of the Tracks,"$9,572",Apr 4,"The Weinstein Company

",2014
669,In the House of Flies,"$9,480",May 9,"Parade Deck Films

",2014
670,Museum Hours,"$561,457",Jun 28,"The Cinema Guild

",2014
671,Go for Sisters,"$70,495",Nov 8,"Variance Films

",2014
672,Free the Mind,"$157,201",May 3,"International Film Circuit

",2014
673,Radio Free Albemuth,"$9,365",Jun 27,"Freestyle Releasing

",2014
674,Life of Riley,"$11,616",Oct 24,"Kino Lorber

",2014
675,Honeymoon,"$9,318",Sep 12,"Magnolia Pictures

",2014
676,The Sacrament,"$9,221",Jun 6,"Magnolia Pictures

",2014
677,The Pervert's Guide to Ideology,"$67,966",Nov 1,"Zeitgeist Films

",2014
678,The Cabinet of Dr. Caligari2014 Re-release,"$8,811",Oct 31,"Kino Lorber

",2014
679,Fanny,"$8,735",Jul 25,"Kino Lorber

",2014
680,Comet,"$8,623",Dec 5,"IFC Films

",2014
681,The Mystery of Happiness,"$8,528",Sep 12,"Strand Releasing

",2014
682,The Quitter,"$8,512",Sep 12,-,2014
683,Canopy,"$8,462",Aug 29,"Monterey Media

",2014
684,Almost Human,"$8,447",Feb 21,"IFC Films

",2014
685,Red Hollywood,"$8,426",Aug 15,"The Cinema Guild

",2014
686,Love Is in the Air2013 Re-release,"$8,425",Jan 31,"Focus World

",2014
687,Eternity: The Movie,"$8,350",Oct 17,"Indican Pictures

",2014
688,Don Jon,"$24,477,704",Sep 27,"Relativity Media

",2014
689,The Empty Hours,"$8,244",Jul 11,"Strand Releasing

",2014
690,Gladiators of Rome,"$8,201",Nov 11,-,2014
691,Actress,"$19,365",Nov 7,"The Cinema Guild

",2014
692,Next Year Jerusalem,"$8,093",May 16,"First Run

",2014
693,Rigor Mortis,"$7,865",Jun 6,"Well Go USA Entertainment

",2014
694,Archipelago2014 Re-release,"$7,791",Jun 27,"Kino Lorber

",2014
695,Faith Connections,"$9,111",Sep 12,"Kino Lorber

",2014
696,Come Back to Me,"$7,744",Jul 25,"Freestyle Releasing

",2014
697,Iceman,"$7,679",Sep 19,"Well Go USA Entertainment

",2014
698,Gringo Trails,"$8,349",Apr 19,"Icarus Films

",2014
699,Mauvais Sang2013 Re-release,"$35,176",Nov 29,"Carlotta Films

",2014
700,The Little Bedroom2014 Re-release,"$7,440",Sep 26,"Cinema Libre Studio

",2014
701,Raze,"$7,429",Jan 10,"IFC Films

",2014
702,Concerning Violence,"$12,680",Dec 5,"Kino Lorber

",2014
703,I Am Ali,"$7,205",Oct 10,"Focus World

",2014
704,The Strange Color of Your Body's Tears,"$7,182",Aug 29,"Strand Releasing

",2014
705,ABCs of Death 2,"$7,171",Oct 31,"Magnolia Pictures

",2014
706,Stage Fright,"$7,078",May 9,"Magnolia Pictures

",2014
707,Plot for Peace,"$7,051",Oct 31,-,2014
708,Camille Claudel 1915,"$35,296",Oct 16,"Kino Lorber

",2014
709,Very Good Girls,"$6,940",Jul 25,"Well Go USA Entertainment

",2014
710,The Olivia Experiment,"$15,122",Aug 22,"Indican Pictures

",2014
711,"No God, No Master","$6,796",Mar 28,"Monterey Media

",2014
712,Before You Know It,"$6,717",May 30,"The Film Collaborative

",2014
713,Will You Still Love Me Tomorrow?,"$6,694",Jan 17,"Film Movement

",2014
714,Pioneer,"$6,871",Dec 5,"Magnolia Pictures

",2014
715,Aatsinki: The Story of Arctic Cowboys,"$6,601",Jan 24,"Argot Pictures

",2014
716,Life of a King,"$6,547",Jan 17,"Millennium Entertainment

",2014
717,Jews of Egypt,"$6,505",Mar 28,"ArtMattan Productions

",2014
718,Revenge of the Mekons,"$11,861",Oct 29,"Music Box Films

",2014
719,Magnificent Desolation: Walking on the Moon 3D,"$34,137,524",Sep 23,"IMAX

",2014
720,The Adventurer: The Curse of the Midas Box,"$6,399",Jan 10,"The Film Arcade

",2014
721,The Christmas Candle,"$2,258,620",Nov 15,"EchoLight Studios

",2014
722,The Immortalists,"$9,331",Nov 26,"GathrFilms

",2014
723,Love & Air Sex,"$6,047",Feb 7,"Tribeca Film

",2014
724,Life Partners,"$8,265",Dec 5,"Magnolia Pictures

",2014
725,Cavemen,"$5,948",Feb 7,"Well Go USA Entertainment

",2014
726,Gang of Ghosts,"$5,906",Mar 21,"Eros International

",2014
727,The Strange Little Cat,"$5,885",Aug 1,-,2014
728,Infliction,"$5,875",Mar 16,"Fox Trail Productions

",2014
729,The Bride Wore Black,"$44,566",Nov 4,"The Film Desk

",2014
730,The Family,"$36,918,811",Sep 13,"Relativity Media

",2014
731,"2 Autumns, 3 Winters","$5,819",Jun 6,"Film Movement

",2014
732,The Devil's Hand,"$5,746",Oct 10,"Roadside Attractions

",2014
733,Papirosen,"$5,658",Jan 24,"Film Movement

",2014
734,Kid Cannabis,"$5,565",Apr 18,"Well Go USA Entertainment

",2014
735,Gabrielle,"$5,534",Apr 18,"Entertainment One

",2014
736,Flex Is Kings,"$5,418",Apr 4,-,2014
737,The Only Real Game,"$5,384",Mar 7,"The Only Real Game Movie

",2014
738,The Selfish Giant,"$12,189",Dec 20,"IFC Films

",2014
739,At Berkeley,"$31,736",Nov 8,"Zipporah Films

",2014
740,Return to Nuke 'Em High Volume 1,"$5,122",Jan 10,"Anchor Bay Films

",2014
741,The Sleepwalker,"$5,012",Nov 21,"IFC Films

",2014
742,Inside the Mind of Leonardo,"$10,600",Dec 19,"Submarine Deluxe

",2014
743,The Worst Movie Ever!,"$25,206",Aug 19,"Driving With Our Eyes Shut

",2014
744,Nothing Bad Can Happen,"$4,870",Jun 27,"Drafthouse Films

",2014
745,"Half The Road: The Passion, Pitfalls & Power of Women's Professional Cycling","$4,783",Apr 18,"First Run

",2014
746,Death Metal Angola,"$4,674",Nov 7,"The Vladar Company

",2014
747,Short Term 12,"$1,013,100",Aug 23,"Cinedigm Entertainment Group

",2014
748,Smiling Through the Apocalypse,"$4,560",Sep 12,"First Run

",2014
749,Unrelated2014 Re-release,"$4,529",Jun 27,"Kino Lorber

",2014
750,The Truth About Emanuel,"$4,404",Jan 10,"Tribeca Film

",2014
751,Anna,"$4,288",Jun 6,"Vertical Entertainment

",2014
752,Dast-neveshtehaa nemisoosand,"$6,295",Jul 25,"Kino Lorber

",2014
753,Free the Nipple,"$4,198",Dec 12,"IFC Films

",2014
754,What's in a Name?,"$8,111",Dec 13,"Under The Milky Way

",2014
755,Thunder and the House of Magic,"$4,091",Sep 5,"Shout! Factory

",2014
756,Justice Is Mind,"$14,360",Aug 18,"The Ashton Times

",2014
757,Puella Magi Madoka Magica the Movie Part III: Rebellion,"$375,627",Dec 3,"Eleven Arts

",2014
758,Maidan,"$3,909",Dec 12,"The Cinema Guild

",2014
759,Beyond Outrage,"$3,878",Jan 3,"Magnolia Pictures

",2014
760,Swim Little Fish Swim,"$3,877",Sep 19,"Under The Milky Way

",2014
761,Hollidaysburg,"$3,861",Sep 19,"Starz Digital Media

",2014
762,More Than Honey,"$79,772",Jun 12,"Kino Lorber

",2014
763,The Word,"$3,648",Mar 14,"Scarlet Sky Productions

",2014
764,Stop the Pounding Heart,"$3,642",Sep 19,"Big World Pictures

",2014
765,Hide Your Smiling Faces,"$3,576",Mar 28,"Tribeca Film

",2014
766,Evolution of a Criminal,"$3,568",Oct 10,"The Film Collaborative

",2014
767,Locker 13,"$3,496",Mar 28,"Brothers' Ink Productions

",2014
768,The Hacker Wars,"$3,470",Oct 17,"Vitagraph Films

",2014
769,Let the Fire Burn,"$64,489",Oct 2,"Zeitgeist Films

",2014
770,Aftermath,"$3,451",Nov 28,"Freestyle Releasing

",2014
771,Life's a Breeze2014 Re-release,"$3,450",Sep 19,"Magnolia Pictures

",2014
772,Little Fugitive2013 Re-release,"$29,505",Feb 1,-,2014
773,Age of Uprising: The Legend of Michael Kohlhaas,"$3,313",May 30,"Music Box Films

",2014
774,Linsanity,"$302,645",Oct 4,"Ketchup Entertainment

",2014
775,Goodbye to All That,"$16,986",Dec 17,"IFC Films

",2014
776,Oldboy,"$2,193,658",Nov 27,"FilmDistrict

",2014
777,The Girl on the Train,"$3,124",Jul 4,"Monterey Media

",2014
778,Northern Lights,"$9,453",Sep 20,-,2014
779,Showrunners: The Art of Running a TV Show,"$3,100",Oct 31,"Submarine Deluxe

",2014
780,What Now? Remind Me,"$3,089",Aug 8,"The Cinema Guild

",2014
781,Assistance mortelle,"$3,000",Feb 28,-,2014
782,Mississippi Mermaid,"$33,216",Jul 10,"The Film Desk

",2014
783,V/H/S Viral,"$2,756",Nov 21,"Magnolia Pictures

",2014
784,Black Out2014 Re-release,"$2,734",Feb 21,"Doppelganger Releasing

",2014
785,Tip Top,"$6,050",Dec 12,"Kino Lorber

",2014
786,Le joli mai,"$55,038",Sep 13,"Icarus Films

",2014
787,Mercedes Sosa: The Voice of Latin America,"$2,648",Jan 24,"First Run

",2014
788,Refuge,"$2,631",Mar 28,"Strand Releasing

",2014
789,Indigo Children,"$2,621",Jan 17,"Striped Entertainment

",2014
790,Jake Squared,"$2,592",Aug 15,"Freestyle Releasing

",2014
791,McCanick,"$2,572",Mar 21,"Well Go USA Entertainment

",2014
792,"If You Don't, I Will","$9,719",Dec 17,"Film Movement

",2014
793,The Wait,"$2,480",Jan 10,"Monterey Media

",2014
794,Warrior King 2,"$2,463",May 2,"Magnolia Pictures

",2014
795,To Die Is Hard,"$5,129",Dec 17,"Driving With Our Eyes Shut

",2014
796,Evergreen: The Road to Legalization,"$2,363",Jun 13,"First Run

",2014
797,Moebius,"$2,340",Aug 1,"Film Movement

",2014
798,Design Is One: The Vignellis,"$16,386",Oct 11,"First Run

",2014
799,Trouble Every Day2013 Re-release,"$9,189",Oct 11,"The Film Desk

",2014
800,Missionary,"$2,120",Oct 31,"Freestyle Releasing

",2014
801,A Grin Without A Cat,"$43,616",May 1,"Icarus Films

",2014
802,The Wild Child,"$65,051",Nov 7,"The Film Desk

",2014
803,The Right Kind of Wrong,"$2,098",Mar 14,"Magnolia Pictures

",2014
804,Far from Vietnam,"$8,132",Aug 28,"Icarus Films

",2014
805,Algorithms,"$2,021",Oct 17,"First Run

",2014
806,La Camioneta: The Journey of One American School Bus,"$18,558",May 31,"Follow Your Nose Films

",2014
807,Here Comes the Devil,"$4,534",Dec 13,"Magnolia Pictures

",2014
808,Two-Bit Waltz,"$2,540",Oct 24,"Monterey Media

",2014
809,Austenland,"$2,159,041",Aug 16,"Sony Pictures Classics

",2014
810,Mr. Pip,"$1,714",Nov 7,"Freestyle Releasing

",2014
811,More Than the Rainbow,"$1,677",May 2,"First Run

",2014
812,The Wicker Man2013 Re-release,"$60,891",Sep 27,"Rialto Pictures

",2014
813,Summer in February,"$1,624",Jan 17,"Tribeca Film

",2014
814,The End of Time,"$4,375",Nov 29,"First Run

",2014
815,Paradise: Hope,"$6,701",Dec 6,"Strand Releasing

",2014
816,Harry Dean Stanton: Partly Fiction,"$23,959",Sep 13,"Adopt Films

",2014
817,Rhymes for Young Ghouls,"$1,529",Oct 24,"Monterey Media

",2014
818,Postman Pat,"$1,519",Jun 27,"Shout! Factory

",2014
819,The Last Days on Mars,"$24,084",Dec 6,"Magnolia Pictures

",2014
820,Souldier,"$1,500",Feb 21,"Parade Deck Films

",2014
821,Ragnarok,"$1,369",Aug 22,"Magnolia Pictures

",2014
822,People of a Feather,"$5,677",Nov 8,"First Run

",2014
823,The Tower,"$1,117",Nov 7,"Music Box Films

",2014
824,Le Amiche,"$68,167",Jun 18,"The Film Desk

",2014
825,Anything for Alice,"$1,092",Dec 17,"Rialto Pictures

",2014
826,We Are the Giant,"$1,088",Dec 12,"Music Box Films

",2014
827,The Butterfly Room,"$1,081",Apr 11,-,2014
828,Viola,"$21,818",Jul 12,"The Cinema Guild

",2014
829,Demi-soeur,$943,Feb 7,"Rialto Pictures

",2014
830,A People Uncounted,$930,May 16,"First Run

",2014
831,The Color Wheel,"$19,001",May 18,-,2014
832,Jackpot2014 Re-release,$806,Jun 27,"Doppelganger Releasing

",2014
833,Grand départ,$677,May 23,"Rialto Pictures

",2014
834,Summer2011 Re-release,"$43,839",Jun 9,"The Film Desk

",2014
835,Jamel Shabazz Street Photographer,"$17,992",Aug 2,-,2014
836,The Trials of Muhammad Ali,"$59,081",Aug 23,"Kino Lorber

",2014
837,God Loves Uganda,"$51,229",Oct 11,"Variance Films

",2014
838,An Oversimplification of Her Beauty,"$71,906",Apr 26,"Variance Films

",2014
839,The Last Time I Saw Macao,"$6,095",Sep 13,"The Cinema Guild

",2014
840,Skinless,$400,Mar 8,"Phantom Pain Films

",2014
841,Four Adventures of Reinette and Mirabelle,"$22,039",Jul 20,"The Film Desk

",2014
842,You Ain't Seen Nothin' Yet,"$18,929",Jun 7,"Kino Lorber

",2014
843,Finding Mr. Right,"$6,945",Nov 8,"China Lion Film Distribution

",2014
844,Computer Chess,"$102,041",Jul 17,"Kino Lorber

",2014
845,Dear Mr. Watterson,"$23,899",Nov 15,"Submarine Deluxe

",2014
846,Big Sur,"$37,466",Nov 1,"Ketchup Entertainment

",2014
847,Some Velvet Morning,"$6,420",Dec 13,"Tribeca Film

",2014
848,Sound City,"$422,853",Feb 1,"Variance Films

",2014
